Country Name,Country Code,2005,2006,2007,2008,2009,2010,2011,2012,2013,2014,2015,2016,2017,2018
Aruba,ABW,23300.03956,24045.74942,25835.64314,27086.03985,24630.93927,23512.6026,24984.27945,24709.60226,25018.30895,25528.40378,25796.38025,25251.63968,25655.10202,
Afghanistan,AFG,247.66414,269.229693,366.2304432,370.382294,444.1844041,550.514974,599.2976298,648.5110696,647.9664605,625.3395388,590.0764738,549.5827599,550.0684588,
Angola,AGO,1890.849727,2585.133522,3108.268643,4068.978456,3117.896944,3585.905553,4615.867475,5102.489969,5258.407376,5412.692348,4170.730358,3509.604211,4100.289786,
Albania,ALB,2673.786584,2972.742924,3595.038057,4370.539925,4114.134899,4094.360204,4437.177794,4247.614342,4413.082887,4578.667934,3952.830781,4131.872341,4537.579056,
Andorra,AND,41282.02012,43748.77216,48582.80846,47785.65909,43339.37987,39736.35406,41098.76694,38391.08087,40619.7113,42294.99473,36038.2676,37231.81567,39146.54884,
Arab World,ARB,3747.312977,4338.385738,4939.53,6116.581229,5159.342763,5918.315891,6856.035033,7465.13523,7510.729986,7456.598173,6429.128604,6185.063514,6239.713933,
United Arab Emirates,ARE,39439.80197,42372.22166,42672.61323,45758.90554,33072.57517,35037.89267,40434.36635,42086.68995,43315.14149,44443.06151,39122.04971,38517.80039,40698.84934,
Argentina,ARG,5076.883829,5878.761027,7193.61764,8953.359275,8161.306966,10276.2605,12726.90836,12969.70712,12976.63642,12245.25645,13698.29344,12654.355,14398.35877,
Armenia,ARM,1643.758543,2158.002909,3138.808703,4010.026997,2993.832531,3218.381655,3526.978143,3684.80481,3843.591213,3994.712355,3617.935746,3605.743117,3936.79832,
American Samoa,ASM,8508.406915,8456.947997,8980.536414,9871.997194,12058.26382,10352.82276,10375.99422,11660.32953,11589.853,11598.75174,11901.97526,11744.81555,11394.4753,
Antigua and Barbuda,ATG,11452.73878,12812.76444,14350.91889,14797.36849,13082.28181,12174.6978,11931.204,12517.55794,12194.54959,12900.903,13602.42124,14506.60354,14803.01093,
Australia,AUS,33961.6818,36019.20305,40905.47089,49535.25787,42709.8033,51936.88871,62411.78545,67864.68986,67990.29003,62327.55594,56561.41238,49896.6811,53799.93809,
Austria,AUT,38403.13388,40635.28182,46855.77175,51708.76575,47963.1794,46858.04327,51374.95841,48567.69529,50716.70871,51704.54119,44206.78428,44731.01086,47290.91165,
Azerbaijan,AZE,1578.40239,2473.081819,3851.437869,5574.603802,4950.294791,5842.805784,7189.691229,7496.294648,7875.756953,7891.313147,5500.310382,3880.738731,4131.61831,
Burundi,BDI,150.4876135,165.9047485,170.8151515,196.2718079,209.8537621,231.7955369,247.2293791,250.3627366,255.372691,273.538285,304.3742207,281.1813376,292.0052103,
Belgium,BEL,36967.25918,38852.37293,44403.7669,48424.5756,44880.57302,44380.17663,47702.81189,44740.58325,46582.66955,47351.97418,40361.15419,41260.97755,43323.80734,
Benin,BEN,601.799977,625.830092,706.0535419,820.1513498,793.45243,757.6959074,825.9427854,837.9505001,915.3281554,943.686575,783.9630778,788.5324424,827.3936794,
Burkina Faso,BFA,406.9988071,420.5825233,475.1100122,569.7612784,552.7455521,575.4464527,666.8404101,673.8228182,699.781537,703.8216565,575.3144542,583.8308982,642.0371483,
Bangladesh,BGD,484.1554071,494.0501466,541.0651484,615.7775411,681.1205368,757.6717572,835.7893401,856.342857,951.8894535,1084.56543,1210.158849,1358.779186,1516.51327,
Bulgaria,BGR,3869.529455,4490.201777,5885.949252,7261.754492,6969.558557,6843.26695,7813.806692,7378.02473,7646.839866,7864.760672,6993.783483,7469.455638,8227.960406,
Bahrain,BHR,17959.17854,19307.99549,20977.11053,23067.56535,19356.67236,20722.10389,22512.1596,23649.36661,24737.17178,24983.37902,22688.87824,22560.58127,23655.0356,
"Bahamas, The",BHS,29874.65414,30274.99032,31018.02949,30188.48444,28129.6075,27979.11493,27472.25617,28815.5274,28171.986,28671.34697,30483.8201,30260.30591,30762.01244,
Bosnia and Herzegovina,BIH,2967.834056,3403.815297,4180.913532,5078.314577,4701.334426,4614.829041,5054.325344,4722.013403,5042.582213,5204.243718,4584.242548,4808.636043,5148.208517,
Belarus,BLR,3125.810535,3847.434124,4735.657608,6377.369732,5351.355382,6181.399916,6519.230195,6940.159254,7978.872615,8318.51269,5949.106307,5025.405064,5727.511718,
Belize,BLZ,3933.262143,4187.290497,4324.773045,4470.220796,4253.246753,4342.963173,4515.892701,4644.559565,4673.245037,4813.718033,4905.536645,4923.358922,4971.201636,
Bermuda,BMU,75882.03386,83912.6978,90849.58698,93605.74817,88463.31282,88207.32756,85973.15842,85458.45551,85748.06541,,,,,
Bolivia,BOL,1046.427384,1233.591869,1389.62935,1736.930084,1776.866476,1981.170116,2377.688771,2645.227753,2947.938526,3124.00031,3077.026199,3117.330459,3393.955818,
Brazil,BRA,4770.183845,5860.145829,7313.557773,8787.610658,8553.381368,11224.15408,13167.47289,12291.46685,12216.90446,12026.61939,8750.222996,8639.365743,9821.407686,
Barbados,BRB,14223.25544,15185.1192,16919.24679,17243.67966,16087.72938,16203.15557,16610.41835,16536.21464,16326.91348,16261.79932,16129.04928,15891.62655,16356.98011,
Brunei Darussalam,BRN,26102.13345,30980.96692,32672.36717,37951.2806,27965.47504,35268.10117,47017.0273,47651.25909,44597.27968,41530.66898,30967.89051,26939.41802,28290.5852,
Bhutan,BTN,1247.061392,1335.456906,1741.142552,1795.181307,1770.234497,2178.921383,2458.045976,2422.008016,2350.882889,2522.794953,2616.010343,2782.367967,3130.233543,
Botswana,BWA,5351.253732,5374.554867,5714.047936,5623.379566,5185.729845,6346.156204,7483.878689,6901.971971,7001.034418,7493.752924,6521.146128,6954.144126,7595.611141,
Central African Republic,CAF,323.9805112,347.6071719,397.0171544,456.8618268,449.9612041,446.4436878,490.5103907,483.1860932,337.484979,377.1321263,348.3814271,382.0702811,418.411287,
Canada,CAN,36189.58838,40386.69948,44544.5268,46596.33599,40773.45436,47447.47602,52082.21076,52496.69487,52418.31506,50633.20882,43525.37019,42348.94546,45032.11991,
Central Europe and the Baltics,CEB,8346.89497,9465.010041,11998.3092,14549.84218,12259.05865,12551.88023,13871.63242,12997.92622,13709.61259,14147.9978,12453.17713,12764.28773,14159.23242,
Switzerland,CHE,54952.67372,57579.50195,63555.2375,72487.84593,69927.46877,74605.72102,88415.62806,83538.23008,85112.4644,86605.56338,82016.02131,79866.03187,80189.69686,
Channel Islands,CHI,57210.73229,62261.82801,73569.64496,,,,,,,,,,,
Chile,CHL,7615.30468,9484.681227,10526.87746,10781.36608,10243.32824,12860.17764,14705.69242,15431.90293,15941.39722,14794.31583,13736.63569,13960.89421,15346.4497,
China,CHN,1753.417829,2099.229435,2695.365917,3471.248054,3838.433972,4560.512586,5633.795717,6337.883323,7077.770765,7683.502613,8069.213024,8117.267465,8826.994096,
Cote d'Ivoire,CIV,931.754287,951.9478956,1065.896375,1242.431044,1217.749206,1219.749096,1214.703946,1250.808924,1423.682282,1568.627628,1715.105518,1493.506061,1537.504031,
Cameroon,CMR,1030.038193,1081.369831,1215.808213,1396.824988,1338.884377,1309.122208,1429.647553,1380.509848,1493.746567,1571.182535,1353.92449,1391.751883,1451.865747,
"Congo, Dem. Rep.",COD,218.5235092,255.5913138,286.5075372,327.7676543,298.8069562,334.2317025,387.3235796,424.8593185,458.2384062,487.0814869,497.6297557,471.6359456,462.7795441,
"Congo, Rep.",COG,1637.064381,2012.11007,2111.209489,2881.594116,2255.333119,2737.34233,3196.647524,2952.052348,2964.572989,2910.520226,1712.121146,1762.809913,1654.010322,
Colombia,COL,3354.021804,3677.134042,4635.692277,5383.132694,5119.191641,6230.738366,7207.028905,7904.495789,8065.960376,7974.406373,6085.209979,5813.694519,6408.920012,
Comoros,COM,1068.600321,1113.957757,1238.461514,1387.594626,1339.337191,1315.214806,1446.068018,1403.434335,1504.931007,1511.826037,1271.057042,1287.406402,1312.333925,
Cabo Verde,CPV,2048.13459,2304.289902,3112.285601,3638.905946,3444.5566,3312.825985,3670.429453,3408.482762,3557.870977,3532.993527,2996.362046,3082.157104,3244.409561,
Costa Rica,CRI,4697.011138,5245.187373,6120.6234,6911.136152,6809.396224,8199.414621,9186.59639,9985.36959,10569.66631,10630.9979,11393.02842,11767.50425,11677.26904,
Caribbean small states,CSS,7228.489203,8016.263621,8889.54406,10021.61236,8381.415142,9059.000053,9724.12451,9978.387147,10020.57332,10121.31048,9835.190116,9339.012783,9448.224139,
Cuba,CUB,3779.05707,4669.060916,5184.494227,5376.447622,5484.7763,5676.141403,6075.924306,6425.941119,6760.15344,7050.493249,7602.278668,7961.84588,8433.092699,
Curacao,CUW,,,,,,,,,,,,,,
Cayman Islands,CYM,47632.1961,64103.21481,,,,,,,,,,,,
Cyprus,CYP,25324.48666,27169.99256,31386.63265,35390.70488,32105.8159,30818.46396,32233.83942,28984.91481,27942.31667,27400.80299,23212.2247,23666.97357,25233.57098,
Czech Republic,CZE,13346.17639,15183.63605,18373.649,22698.85396,19741.59763,19808.07109,21717.45794,19729.87051,19916.01939,19744.55861,17715.61685,18483.71648,20368.13856,
Germany,DEU,34696.62092,36447.87232,41814.8191,45699.19832,41732.70725,41785.55691,46810.32796,44065.24891,46530.91143,48042.56343,41323.9215,42232.57421,44469.90906,
Djibouti,DJI,904.7297489,965.6693779,1047.586896,1214.077118,1253.657431,1325.990724,1430.986898,1536.150685,1477.363042,1595.146365,1761.610158,1872.234623,1927.589706,
Dominica,DMA,5157.447918,5511.462824,5939.053585,6446.663832,6866.224899,6912.435714,6986.046687,6745.849758,6933.413648,7193.668111,7392.234584,7824.921777,6719.337166,
Denmark,DNK,48799.82037,52026.99311,58487.04501,64322.06664,58163.29359,58041.41122,61753.66007,58507.50021,61191.19263,62548.98502,53012.99658,53578.75657,56307.5083,
Dominican Republic,DOM,3910.017774,4067.332917,4647.310359,5011.037937,4952.677503,5453.926861,5765.496453,5973.222937,6094.734904,6348.837769,6534.908555,6793.538125,7052.258839,
Algeria,DZA,3100.122378,3464.610079,3935.183343,4905.254866,3868.83123,4463.394675,5432.41332,5565.134521,5471.123389,5466.425778,4162.852181,3943.49755,4055.247211,
East Asia & Pacific (excluding high income),EAP,1639.192548,1959.126448,2459.424294,3091.046068,3328.867944,4008.912012,4865.856302,5389.269721,5905.256026,6303.614988,6510.60489,6579.021588,7126.385077,
Early-demographic dividend,EAR,1769.157206,1993.072619,2329.332549,2585.535943,2449.691023,2931.116467,3244.488829,3351.452035,3364.234825,3430.194553,3281.296082,3304.825187,3513.220852,
East Asia & Pacific,EAS,4829.312038,5084.352774,5647.054035,6476.448067,6628.144362,7676.520589,8842.717855,9401.269325,9445.932453,9663.423187,9546.304672,9793.049015,10368.48391,
Europe & Central Asia (excluding high income),ECA,4276.016554,5242.451692,6775.454182,8365.956843,6546.592254,7759.082166,9539.706873,10048.79748,10620.74073,9851.283117,7485.565283,7125.250957,7947.079776,
Europe & Central Asia,ECS,19182.22057,20701.3451,24104.77554,26352.5679,23087.37781,23532.29804,26013.13929,24973.05693,25978.79678,26197.31383,22452.39948,22248.7986,23422.19437,
Ecuador,ECU,3021.942547,3350.786541,3590.718086,4274.952065,4255.565701,4657.302361,5223.351763,5702.104313,6074.090829,6396.630483,6150.155955,6099.315303,6273.488892,
"Egypt, Arab Rep.",EGY,1168.115231,1375.196316,1640.476068,2011.246154,2291.667062,2602.479549,2747.480327,3181.441708,3213.389158,3327.754247,3547.713012,3479.281246,2412.727082,
Euro area,EMU,31965.46296,33782.09234,38700.38601,42220.04455,38480.92244,37605.14599,40610.71931,37604.58584,39111.44949,39823.50578,34362.64506,35039.41548,36870.17553,
Eritrea,ERI,276.7508096,297.8280588,317.3294336,326.0825642,430.7544499,482.1490904,582.7755302,,,,,,,
Spain,ESP,26510.71745,28482.60948,32709.40104,35579.30993,32334.00548,30736.62785,31835.2888,28563.85904,29211.77375,29623.16445,25789.51955,26616.7578,28156.81584,
Estonia,EST,10338.31322,12595.41065,16586.4052,18094.54805,14726.31828,14638.60482,17454.84342,17421.89022,19072.23852,19949.58138,17155.87418,17736.8027,19704.65504,
Ethiopia,ETH,161.6266248,193.7949056,243.3026822,325.3825543,379.7566385,341.3099092,354.8463544,468.5067249,502.1535887,571.1622759,645.4650067,712.87795,767.5634778,
European Union,EUU,29092.30971,30921.99357,35593.28598,38136.07685,33979.59642,33676.04694,36406.73166,34234.02801,35586.56797,36670.8223,32206.69761,32263.53852,33723.2706,
Fragile and conflict affected situations,FCS,801.7580247,925.4140755,1110.055739,1401.045377,1279.55041,1487.456477,1596.311287,1795.562095,1828.861316,1806.318884,1602.641823,1495.683294,1608.798658,
Finland,FIN,38969.17163,41120.67651,48288.5491,53401.31487,47107.15571,46202.41516,50790.72415,47415.55987,49638.07713,49914.61864,42424.22081,43433.03222,45703.32787,
Fiji,FJI,3658.630832,3749.939813,4078.82327,4177.657789,3369.408247,3651.966784,4353.121392,4546.738504,4763.068956,5061.397575,4889.461454,5197.50914,5589.388833,
France,FRA,34760.18777,36443.62344,41508.43269,45334.11091,41575.41618,40638.334,43790.7354,40874.71596,42592.95152,43008.65257,36613.37522,36870.21913,38476.65864,
Faroe Islands,FRO,35847.45356,40719.57503,47024.2297,49773.16687,46521.50171,47397.90292,50789.0486,48421.80307,53612.825,57543.66906,50581.96849,,,
"Micronesia, Fed. Sts.",FSM,2355.544465,2397.451838,2441.501551,2516.018683,2693.023278,2861.771348,3000.948119,3150.910602,3047.584425,3057.24559,3018.008675,3143.749107,3187.556848,
Gabon,GAB,6826.880545,7141.549167,8352.817101,10094.02746,7603.660223,8754.113376,10716.20258,9774.181017,9679.758914,9692.182125,7448.715685,7078.72954,7413.795207,
United Kingdom,GBR,41732.64054,44252.31582,50134.3161,46767.59222,38262.18213,38893.01849,41412.34924,41790.77914,42724.06788,46783.46922,44305.55463,40412.03362,39720.44343,
Georgia,GEO,1530.035094,1872.679332,2492.128778,3174.949001,2706.588511,2964.477041,3725.063219,4142.869176,4274.376865,4429.650075,3764.640916,3865.785693,4057.286081,
Ghana,GHA,498.1723904,922.9537497,1090.686718,1224.401554,1086.765038,1312.607557,1574.978653,1629.800222,2401.754122,1987.983363,1783.061087,1950.234377,2046.109986,
Gibraltar,GIB,,,,,,,,,,,,,,
Guinea,GIN,303.424498,427.0657265,622.1736568,674.6181787,636.2799568,634.9231054,614.8647662,677.0434993,726.0893942,743.5912878,727.302519,701.3886423,823.4937155,
"Gambia, The",GMB,432.1918787,439.3432874,519.0548058,607.955496,549.3178255,562.4837817,514.3781619,504.9739367,735.2358088,656.496763,704.9740416,707.5289845,709.077158,
Guinea-Bissau,GNB,424.9562044,418.9512693,481.33501,583.894419,544.8612801,545.7041208,688.1412395,603.9339835,621.9406736,610.4684902,591.8061497,648.8989366,723.6094119,
Equatorial Guinea,GNQ,10850.63334,12732.02759,15761.83913,22742.38159,16530.20937,17136.44568,21451.88617,21557.65187,20246.99308,19245.65151,11213.47523,9218.987324,9697.630234,
Greece,GRC,22551.73574,24801.15781,28827.32636,31997.28201,29710.9703,26917.75898,25916.29353,22242.68193,21874.8195,21760.9798,18070.77678,17881.5267,18613.42387,
Grenada,GRD,6754.512393,6766.48686,7324.190456,7947.426509,7395.063622,7365.641538,7410.477525,7583.188055,7956.076548,8569.926734,9333.270231,9892.479497,10451.02988,
Greenland,GRL,32489.78191,35458.12312,39780.95144,44367.05565,44918.56488,43988.33249,47186.98147,45936.76595,47262.28276,50408.33455,44912.26609,48159.66532,,
Guatemala,GTM,2077.83438,2256.56724,2489.955836,2794.226157,2635.758874,2825.519029,3187.841465,3299.605536,3452.834671,3687.763767,3923.573344,4140.737635,4470.989572,
Guam,GUM,26495.87758,26555.6452,27540.83913,29056.497,30025.56035,30700.43401,30862.11,32499.23425,33272.01871,34404.5674,35291.13642,35562.56753,35675.79417,
Guyana,GUY,1098.455216,1945.640034,2326.851954,2568.618908,2764.306686,3044.948083,3438.825278,3799.753364,3941.114661,4031.531939,4160.265415,4531.243527,4655.144448,
High income,HIC,32775.33706,34352.78119,37282.09827,39326.12359,36581.61856,38137.9556,41018.65187,40812.21025,41009.04412,41598.07858,39134.28941,39674.62175,41214.28084,
"Hong Kong SAR, China",HKG,26649.7508,28224.21506,30594.01784,31515.66277,30697.34038,32549.99823,35142.48793,36730.8767,38403.77771,40315.28556,42431.88828,43737.04197,46193.61452,
Honduras,HND,1311.741714,1437.628785,1592.572182,1751.595857,1815.489496,1932.85829,2120.589469,2178.388555,2136.771718,2242.707459,2341.27532,2375.096327,2480.125929,
Heavily indebted poor countries (HIPC),HPC,450.2197836,524.4542163,608.8298631,714.8052726,699.2312273,751.2451657,816.1727046,853.0430255,926.5969751,952.2959233,918.4617485,903.4606825,970.6319121,
Croatia,HRV,10208.73063,11345.74226,13546.86567,15892.31603,14168.67371,13546.21421,14578.2901,13250.75712,13663.51913,13606.89344,11773.26466,12371.00216,13382.71985,
Haiti,HTI,465.3103865,505.4706206,615.8202308,674.7564147,668.2976046,662.2795182,740.9358452,766.8437623,810.2656073,830.1138816,814.5463952,734.8025912,765.6839246,
Hungary,HUN,11205.97134,11447.81687,13907.50338,15739.73541,13029.88338,13092.23376,14118.12263,12888.30459,13667.70279,14201.44883,12483.86594,12820.0882,14224.84646,
IBRD only,IBD,2274.390021,2667.93679,3285.086008,3905.210469,3750.663351,4511.442885,5283.085067,5561.142174,5820.744609,5954.494235,5567.332373,5541.793618,6043.385053,
IDA & IBRD total,IBT,1899.308024,2226.946578,2722.281294,3226.560162,3091.80862,3693.94054,4302.541238,4519.358954,4727.529615,4835.204865,4519.176995,4473.559036,4846.560308,
IDA total,IDA,611.4052019,732.5316008,838.7746677,984.6527648,943.6749556,1060.344966,1182.489343,1247.354228,1339.836847,1413.441925,1357.360982,1291.448292,1325.647121,
IDA blend,IDB,902.6840901,1140.724826,1288.59617,1499.963936,1369.972073,1559.863381,1758.640866,1891.820852,2009.949426,2127.256266,1968.999911,1782.698199,1734.022521,
Indonesia,IDN,1260.928834,1586.20504,1855.093915,2160.527605,2254.445592,3113.480635,3634.276805,3687.953996,3620.663981,3491.595887,3334.549075,3570.284615,3846.864323,
IDA only,IDX,462.0256945,524.0988784,609.0757282,721.9843799,728.6093897,807.1554082,890.818313,919.5844446,999.2857872,1050.07692,1047.696117,1045.305747,1124.523563,
Isle of Man,IMN,39838.26676,44499.71831,57458.80376,75490.88424,69172.18604,73935.679,81304.85001,79028.04498,82356.82337,89941.64429,81672.0227,78730.16228,,
India,IND,707.008019,792.0259698,1018.166373,991.4846304,1090.317765,1345.770153,1461.671957,1446.98541,1452.195373,1576.004018,1606.038285,1717.473878,1942.097401,
Not classified,INX,,,,,,,,,,,,,,
Ireland,IRL,50878.63952,54306.9131,61359.64508,61257.89689,52104.03472,48671.88829,52186.49627,49042.33825,51773.11137,55412.9286,61807.67037,64100.42995,69330.69015,
"Iran, Islamic Rep.",IRN,3215.653433,3738.689284,4857.368371,5574.410436,5619.117621,6531.92743,7729.343353,7832.902635,6036.192088,5540.984136,4862.299729,5219.109408,5593.853783,
Iraq,IRQ,1849.603911,2351.812429,3129.224922,4521.03247,3735.144836,4502.749048,5854.614497,6651.12242,6925.224046,6703.074737,4914.727611,4584.617431,5017.968065,
Iceland,ISL,56250.68281,56121.32242,68428.34821,55632.10432,40640.9902,41851.73548,46181.95294,44562.81802,48023.62691,52855.14048,51213.66133,60529.92676,70056.87339,
Israel,ISR,20557.12408,21827.82317,24889.16836,29531.57216,27709.11754,30642.94062,33689.83853,32525.95659,36291.23211,37539.95182,35690.96308,37180.84981,40270.25135,
Italy,ITA,31959.26295,33410.74744,37698.78665,40640.18386,36976.84553,35849.3732,38334.68385,34814.12512,35370.27526,35396.66572,30180.32151,30668.98143,31952.97592,
Jamaica,JAM,4082.240762,4311.85108,4621.856417,4903.184444,4303.539796,4685.58832,5093.972548,5208.996089,4976.848781,4839.892104,4925.415859,4883.86027,5114.041081,
Jordan,JOR,2203.083787,2537.30049,2762.806354,3385.609665,3492.130906,3679.190275,3807.324145,3870.753211,3992.867107,4066.940775,4096.099275,4087.937517,4129.751664,
Japan,JPN,37217.64873,35433.98896,35275.22843,39339.29757,40855.17564,44507.67639,48167.99727,48603.47665,40454.44746,38109.41211,34567.74568,38972.34064,38428.09732,
Kazakhstan,KAZ,3771.278957,5291.57565,6771.414797,8513.564645,7165.223175,9070.488253,11634.0019,12386.7,13890.63177,12807.26069,10510.77189,7714.841844,9030.383889,
Kenya,KEN,519.7999346,697.0066385,839.1081117,916.8992515,920.0816252,967.3504549,987.4453967,1155.020583,1229.101069,1335.123148,1355.055471,1462.503743,1594.834926,
Kyrgyz Republic,KGZ,476.55213,543.1107024,721.7686908,966.3936272,871.2243893,880.0377751,1123.883168,1177.974735,1282.437162,1279.769783,1121.082835,1120.666513,1219.824048,
Cambodia,KHM,474.2238766,539.8791529,631.675789,745.7877873,738.2326684,785.6928841,882.4901462,951.1112311,1013.665952,1093.762067,1163.18977,1269.907238,1384.423187,
Kiribati,KIR,1214.556667,1169.4774,1377.534684,1432.777431,1316.721614,1520.875339,1736.211995,1784.428931,1705.56891,1626.893872,1522.306195,1558.886953,1594.29287,
St. Kitts and Nevis,KNA,11884.77781,13355.56567,14541.88579,15762.70446,15074.21279,14904.94842,15742.95529,15219.1976,15977.28383,17061.30296,17247.17086,17492.80719,17924.06546,
"Korea, Rep.",KOR,18639.52221,20888.38015,23060.70788,20430.63946,18291.9196,22086.95292,24079.78852,24358.78218,25890.01867,27811.36638,27105.07623,27608.24743,29742.83886,
Kuwait,KWT,35490.26132,42717.55725,45793.97614,55571.99806,37567.30121,38497.61696,48268.5912,51264.07134,48399.80782,42996.31522,29109.06874,27368.28668,29040.36371,
Latin America & Caribbean (excluding high income),LAC,4826.020905,5593.115816,6526.301282,7494.625445,6945.770196,8537.477238,9514.015897,9440.558257,9553.442718,9736.740263,7887.48546,7620.864509,8350.108418,
Lao PDR,LAO,475.4164695,590.3013108,709.767087,899.4950787,948.1276421,1141.127115,1381.425606,1588.633147,1838.80602,2017.587781,2159.433152,2338.692157,2457.377414,
Lebanon,LBN,5390.208134,5434.252482,6086.79541,7109.513163,8480.988762,8858.283972,8734.189185,8959.258471,8807.901335,8660.036928,8529.51366,8571.126248,8808.589448,
Liberia,LBR,290.9945021,331.473252,390.8416104,471.1993717,463.8559654,506.0630046,589.1650146,650.7136207,715.5370459,716.0529087,706.0594659,710.4360094,694.3195828,
Libya,LBY,8171.361651,9344.987518,11308.56661,14396.04865,10296.97353,12120.56217,5602.549434,13209.14078,10571.85076,6631.529047,4465.490366,4166.630529,5978.042926,
St. Lucia,LCA,6203.536293,6855.103763,7634.746111,7576.682338,7384.27025,8008.197165,8272.394547,8216.015524,8367.27622,8596.351698,9155.653328,9188.412753,9715.194786,
Latin America & Caribbean,LCN,5098.871871,5900.66253,6865.659349,7881.110623,7316.718688,8964.833879,10075.44979,10062.74462,10194.61279,10278.24089,8742.394146,8438.662618,9274.781581,
Least developed countries: UN classification,LDC,440.4526733,505.9088679,591.4423966,717.1624339,702.6808426,786.1440717,886.4118987,925.0753293,979.1007974,1038.052311,1003.340755,981.6192563,1071.438079,
Low income,LIC,392.2505177,430.1166969,500.4151776,589.8487945,604.7629024,641.7511046,708.6208977,747.5897549,799.5629712,834.7792567,800.0023112,754.331438,785.5817826,
Liechtenstein,LIE,104994.0183,113983.1678,130267.2433,142973.8309,125945.0096,141165.0829,158283.0763,149295.646,173528.1505,179308.0756,167590.6083,164993.1942,,
Sri Lanka,LKA,1250.004791,1437.701974,1632.961131,2041.219053,2095.443968,2808.434392,3214.014195,3350.521876,3610.289363,3820.54065,3844.514008,3857.351319,4073.736519,
Lower middle income,LMC,872.5046639,1029.538275,1245.518955,1378.935679,1385.986431,1673.463906,1869.990532,1932.136665,1988.32899,2063.063912,2019.443661,2065.682356,2192.31892,
Low & middle income,LMY,1798.245487,2112.249149,2584.580814,3060.039191,2951.786449,3531.695094,4115.572424,4337.848041,4542.912249,4658.30338,4346.270662,4309.244096,4662.155413,
Lesotho,LSO,862.9463084,915.7757486,865.7993302,879.2982742,878.1654234,1157.341092,1350.643252,1281.611508,1192.998766,1218.466106,1154.355219,1054.268754,1154.444246,
Late-demographic dividend,LTE,2911.644099,3491.979282,4373.144644,5403.419414,5191.219896,6190.532566,7503.667153,7979.432583,8551.549926,8807.090267,8203.423306,8156.760591,8982.239,
Lithuania,LTU,7863.162009,9240.642548,12297.91535,14961.56818,11837.39103,11984.86857,14357.73523,14341.18163,15693.78673,16545.12267,14289.12057,14912.68654,16680.6781,
Luxembourg,LUX,80289.69641,89739.7117,106018.4928,114293.8433,103198.6693,104965.3061,115761.5077,106749.0136,113625.1329,119225.38,101446.7863,100738.6842,104103.0367,
Latvia,LVA,7558.742006,9667.9757,14044.01589,16348.53121,12219.37379,11326.21947,13702.68947,13822.80559,15032.28201,15716.36907,13639.69412,14070.42265,15594.28602,
"Macao SAR, China",MAC,25058.53593,29979.85447,36402.56051,40667.88423,40881.38064,52374.79445,66813.34974,76496.36619,89524.84436,94004.38983,75484.28658,74017.18471,80892.82133,
St. Martin (French part),MAF,,,,,,,,,,,,,,
Morocco,MAR,2013.755559,2191.478567,2494.353552,2884.94776,2861.554005,2834.20472,3039.916016,2904.746728,3111.762887,3154.513484,2847.285569,2892.775561,3007.242877,
Monaco,MCO,124374.2685,133195.4293,167124.741,180640.1251,149221.3619,144569.1758,162155.4986,152000.3621,172588.8778,185152.5272,163369.0708,168010.9149,,
Moldova,MDA,831.2052862,950.6482044,1230.434685,1695.972811,1525.526119,1631.535832,1970.571373,2046.536787,2243.990178,2244.755308,1832.495194,1913.237414,2289.877719,
Madagascar,MDG,274.8197023,292.1507443,377.8482928,470.733254,415.6893226,412.7309341,454.963464,443.9061001,461.7230722,452.4631926,402.0883118,401.7422654,449.7223819,
Maldives,MDV,3648.780055,4811.667468,5559.506832,6583.45125,6615.763778,7100.405899,7395.6878,7473.195629,8291.485295,9056.65344,9821.690574,10319.09716,11151.06921,
Middle East & North Africa,MEA,4385.487061,5027.334226,5834.177205,7117.492827,6229.031275,7126.771934,8276.267767,8832.510906,8603.253386,8473.746228,7336.451394,7225.729859,7372.265034,
Mexico,MEX,8089.409036,8859.715354,9412.827939,9765.717028,7792.24773,9016.457927,9912.582362,9940.468561,10400.56316,10582.41053,9298.242878,8450.49401,8910.333177,
Marshall Islands,MHL,2649.670541,2763.739007,2891.928956,2925.977632,2917.001147,3146.763948,3297.558144,3516.899911,3614.130661,3461.781164,3390.910292,3665.207477,3843.119884,
Middle income,MIC,1954.045504,2301.382445,2822.520354,3346.714647,3229.572063,3876.907232,4527.834761,4778.721344,5009.654766,5142.301059,4802.230704,4772.199237,5173.860153,
"Macedonia, FYR",MKD,3037.754585,3325.613242,4036.140237,4793.292959,4543.890244,4542.904104,5064.041106,4698.689476,5211.4992,5469.217898,4840.319679,5128.02282,5414.614823,
Mali,MLI,487.9402556,521.6425796,595.6368319,689.6784228,697.0153124,708.3707632,835.0889098,777.3476868,803.8935757,845.720641,749.9179512,778.6004251,827.0064008,
Malta,MLT,15835.34667,16671.5672,19375.5696,21928.70067,20675.58259,21087.79469,22835.37683,21916.97221,23820.36341,25811.878,23715.53414,24758.69562,26903.82452,
Myanmar,MMR,247.2427006,296.9007284,410.4500001,643.9513703,741.0777116,987.7365832,1186.423937,1175.561788,1171.464477,1260.418504,1138.992976,1196.103204,1256.660675,
Middle East & North Africa (excluding high income),MNA,2278.65247,2600.680742,3157.283664,3818.384645,3629.570273,4122.744869,4588.710354,4964.015822,4578.379819,4426.713898,3930.296003,3904.026668,3791.753562,
Montenegro,MNE,3674.617924,4425.680913,5976.391922,7367.751909,6727.107767,6682.281158,7318.742449,6586.719209,7186.431924,7378.341022,6514.272695,7028.940132,7782.83979,
Mongolia,MNG,998.8226671,1334.651896,1634.081431,2139.625631,1717.898761,2650.353648,3769.595269,4368.082248,4385.379355,4181.583313,3946.962075,3695.164849,3717.473389,
Northern Mariana Islands,MNP,16644.70382,16048.50214,15761.26225,16350.05485,14279.55599,14681.02308,13628.08166,13980.41625,14471.83359,15513.69612,16984.09224,22717.77257,28888.00232,
Mozambique,MOZ,369.1545359,385.7567141,422.1461573,503.1277109,463.8526178,419.2258149,526.5313517,566.051387,605.9856082,623.2867539,528.3130512,380.9073058,426.2219619,
Mauritania,MRT,697.7452864,944.1304851,1013.310149,1182.978655,1044.489823,1201.756291,1389.67101,1365.777822,1450.577949,1326.668654,1158.256371,1101.901627,1136.764591,
Mauritius,MUS,5116.045424,5695.969327,6574.654338,8030.063005,7318.12641,8000.376432,9197.026972,9291.227619,9637.00265,10153.93822,9260.447303,9681.618567,10490.50397,
Malawi,MWI,280.3673842,297.7095969,320.2764955,372.8487804,420.7472051,458.8654301,512.170232,374.5029326,332.9210249,354.3189898,362.6581977,300.3077488,338.4844303,
Malaysia,MYS,5593.822995,6222.982955,7269.17114,8513.629541,7326.744435,9071.356987,10405.12062,10779.50751,10882.2891,11183.72943,9655.137377,9515.194318,9951.544153,
North America,NAC,43514.08192,45849.04082,47723.72747,48232.31001,46394.38485,48291.07443,50027.57819,51561.45955,52751.79899,54295.34242,55153.21527,56058.64352,58070.06614,
Namibia,NAM,3504.284009,3811.311981,4202.510968,4029.065061,4153.497885,5191.583081,5600.971392,5749.404752,5490.041314,5392.712421,4803.283299,4549.421642,5230.771726,
New Caledonia,NCL,,,,,,,,,,,,,,
Niger,NER,250.0383731,258.0463873,292.55962,353.2384054,339.7702669,348.1560591,375.5828559,391.5182495,416.1401152,429.7909578,362.7521977,364.1605078,378.0592523,
Nigeria,NGA,1267.703677,1655.544524,1882.470204,2241.711763,1890.389128,2291.360013,2519.289941,2745.866752,2996.964303,3221.678116,2729.762778,2175.656276,1968.425523,
Nicaragua,NIC,1175.116225,1240.992617,1344.301871,1518.805386,1464.497754,1526.497938,1682.957924,1792.038045,1847.198049,1975.464707,2073.497938,2143.925893,2221.806445,
Netherlands,NLD,41577.16009,44453.97119,51241.31562,56928.82048,51900.34009,50338.25483,53540.60536,49474.70561,51574.48942,52157.40687,44746.33405,45637.88675,48223.15549,
Norway,NOR,66775.3944,74114.69715,85170.86217,97007.94189,80067.17664,87770.26684,100711.2248,101668.1707,103059.2482,97199.9191,74498.13764,70890.03557,75504.56626,
Nepal,NPL,317.089198,348.6314534,393.8843518,473.8444409,480.7200909,592.1835216,692.1166842,681.7925868,688.6172788,706.2386977,747.1604624,730.9833283,849.0110426,
Nauru,NRU,,,2042.865638,3954.315103,4453.589937,4912.599558,7233.946609,10099.422,10036.18321,9872.638314,8052.888385,7821.298918,8343.827999,
New Zealand,NZL,27750.72484,26671.32942,32510.0827,31287.77865,28201.23228,33692.01083,38426.55081,39970.25624,42949.32684,44560.64037,38649.3785,40331.9591,42940.57829,
OECD members,OED,31077.42707,32529.87128,35299.65722,37081.93214,34442.01521,35847.47607,38328.27549,38022.5493,38236.27147,38776.57085,36395.21953,36863.88658,38151.36194,
Oman,OMN,12376.97936,14408.0505,15805.13226,22075.03536,16784.34616,19281.00081,20986.08496,22134.80137,21227.21235,20469.13865,16406.71162,15102.38231,15668.36663,
Other small states,OSS,7967.491585,9167.630201,10928.30704,13050.38847,10892.36776,12346.14668,14892.39507,15219.44986,15488.71093,15573.59142,12606.30741,12167.62329,13169.0818,
Pakistan,PAK,711.4699463,873.7702727,950.4327931,1039.312088,1006.603999,1040.142268,1226.215314,1261.208967,1272.441061,1316.980966,1428.637628,1442.28584,1547.853414,
Panama,PAN,4916.54886,5348.518399,6165.945057,7154.14428,7575.780644,8080.838225,9354.979419,10715.71661,11879.75653,12787.3062,13627.69475,14366.85289,15196.39734,
Peru,PER,2754.780029,3171.498056,3611.21047,4208.878011,4166.093387,5022.493191,5771.565878,6387.785281,6583.116248,6492.053208,6053.112415,6031.366091,6571.928645,
Philippines,PHL,1194.697116,1391.772292,1672.685411,1919.466208,1825.34154,2129.499247,2352.518156,2581.818548,2760.289146,2842.938353,2878.33837,2950.913903,2988.952703,
Palau,PLW,9277.469105,9396.247252,9600.004971,9732.019972,8981.629142,8933.219345,9380.824312,10340.51932,10771.78298,11646.68152,13769.44758,14136.84137,13338.09655,
Papua New Guinea,PNG,770.5648783,1283.770364,1440.130304,1719.516327,1672.490908,2004.818112,2474.061846,2865.873252,2800.169029,2973.270549,2605.945969,2353.511589,2488.899697,
Poland,POL,8021.003655,9038.730847,11255.4367,14001.44688,11527.59323,12597.86239,13890.69624,13143.52122,13780.19061,14345.18606,12556.35575,12430.6296,13863.17788,
Pre-demographic dividend,PRE,763.0094828,943.7090567,1108.485652,1358.254351,1191.934823,1368.316405,1555.182794,1666.018037,1771.291479,1840.636521,1573.29621,1387.668478,1432.454235,
Puerto Rico,PRI,21959.32271,22935.94115,23664.88235,24898.33459,25768.72589,26435.74879,27278.88305,27944.73389,28513.16574,28981.45733,29763.95963,30518.18278,,
"Korea, Dem. Peopleâ€™s Rep.",PRK,,,,,,,,,,,,,,
Portugal,PRT,18784.9485,19821.44463,22780.05845,24815.60884,23063.97161,22538.65408,23196.18375,20577.40264,21618.73534,22077.53613,19252.63495,19871.71897,21136.29721,
Paraguay,PRY,1852.732517,2282.831166,2992.925679,4064.427373,3645.944648,4382.690449,5356.956969,5217.445724,5967.656872,6146.664055,5447.118631,5360.985931,5823.766137,
West Bank and Gaza,PSE,1455.187875,1441.4617,1575.5634,1855.45702,1963.201519,2338.719877,2664.951385,2787.169738,2992.200995,2960.778004,2865.805109,2949.688085,3094.725747,
Pacific island small states,PSS,2540.133826,2639.304016,2859.157159,3041.859455,2643.988227,2898.043659,3403.110136,3587.744312,3669.764949,3777.927219,3641.175631,3777.950768,3995.446872,
Post-demographic dividend,PST,34053.85564,35626.5029,38636.65441,40575.02628,38008.84415,39448.58442,42231.77159,41989.34482,42165.87919,42821.20174,40337.9538,41041.87232,42526.45314,
French Polynesia,PYF,,,,,,,,,,,,,,
Qatar,QAT,51488.49529,60256.55926,67005.61258,82967.37228,61478.23813,70306.22784,85948.07046,88564.82298,88304.87958,86852.71019,65177.22879,59044.24729,63249.42243,
Romania,ROU,4676.315183,5828.745662,8424.737535,10400.54366,8474.872003,8209.919456,9104.995622,8535.046876,9555.244217,10026.97358,8977.498544,9567.097782,10817.83379,
Russian Federation,RUS,5323.473877,6920.194398,9101.253085,11635.26037,8562.809598,10674.98771,14351.21205,15434.57478,16007.08999,14125.90873,9346.61636,8759.036118,10743.09659,
Rwanda,RWA,287.0762412,342.3990982,404.8507881,500.6189986,539.1084948,563.4013453,624.1228849,679.8607504,688.8223493,706.5967098,711.7739773,711.1957913,748.2920943,
South Asia,SAS,679.9719439,765.2639126,953.7286051,956.5762926,1036.000875,1252.178771,1373.73465,1370.189137,1387.135899,1499.478807,1545.761363,1643.434838,1842.255349,
Saudi Arabia,SAU,13739.82945,15334.66994,16472.16605,20037.83234,16094.2931,19259.58726,23770.74739,25303.09462,24934.38614,24575.40304,20732.86172,19982.08563,20849.29137,
Sudan,SDN,679.7539949,893.8793645,1115.6952,1291.528826,1226.884381,1476.478087,1666.857757,1892.894352,1955.660799,2176.898029,2513.884661,2415.038162,2898.549346,
Senegal,SEN,979.6961188,1025.187436,1203.175265,1388.876531,1294.583723,1255.402738,1344.177217,1300.791844,1342.758689,1359.189351,1186.327514,1231.142595,1329.304228,
Singapore,SGP,29869.85398,33579.85948,39223.58187,39721.04818,38577.55822,46569.67951,53237.56491,54715.69483,56389.18178,56957.07857,54940.85814,55243.13288,57714.29663,
Solomon Islands,SLB,880.8748508,948.6592511,1046.931125,1205.791067,1158.282672,1290.572374,1728.50516,1928.956751,2004.899972,2036.942056,1965.422037,2056.489933,2132.115068,
Sierra Leone,SLE,291.6903175,322.313468,358.8274716,406.3759178,388.8746021,399.1543676,445.052005,561.8984239,710.8186998,708.4394757,582.9362031,480.7930211,499.5291033,
El Salvador,SLV,2437.899565,2641.780652,2796.387081,2943.698878,2867.98508,2992.545274,3275.508626,3437.599638,3515.947201,3595.790733,3669.878992,3768.837705,3889.308769,
San Marino,SMR,66987.40092,70662.039,83009.16459,90682.58101,76918.15358,68758.36862,65213.61899,56403.99483,57746.16607,54766.51307,46207.89103,47115.63807,48888.02517,
Somalia,SOM,,,,,,,,,493.5141459,485.6020611,478.784799,472.2726933,478.3441749,
Serbia,SRB,3528.131008,4129.758741,5458.121718,6701.773913,5821.305397,5411.877404,6423.291783,5659.380204,6353.826383,6200.173221,5237.255334,5426.198279,5900.038108,
Sub-Saharan Africa (excluding high income),SSA,991.2713874,1150.003608,1298.993566,1449.244537,1341.356503,1555.813024,1718.478705,1760.952883,1824.936076,1864.858825,1654.166363,1492.328142,1572.338434,
South Sudan,SSD,,,,,,,1653.131588,1041.459694,1336.645256,1309.487381,917.9214739,237.4441185,,
Sub-Saharan Africa,SSF,992.3680467,1151.17517,1300.137394,1450.256635,1342.210627,1556.757334,1719.49355,1761.928431,1826.157979,1866.056807,1655.382227,1493.57288,1573.607916,
Small states,SST,7458.866792,8506.677715,9993.013641,11801.91312,9872.03327,11108.97054,13175.71521,13497.55195,13729.12545,13834.9678,11551.02841,11145.18392,11946.58496,
Sao Tome and Principe,STP,804.1279874,836.7952842,886.6695898,1126.462102,1099.571046,1129.754961,1304.326189,1380.949959,1619.528517,1824.379217,1613.483465,1771.984789,1921.284473,
Suriname,SUR,3594.354364,5208.123339,5761.059439,6858.149015,7444.130075,8303.31332,8319.67216,9232.505153,9491.570453,9554.562288,8617.76176,5645.334104,5317.389539,
Slovak Republic,SVK,11669.41975,13139.03218,16057.73314,18650.35912,16512.98197,16600.61359,18187.15744,17274.6423,18191.61279,18629.77966,16132.86031,16529.54097,17604.95098,
Slovenia,SVN,18169.18091,19726.1265,23841.31792,27501.81027,24633.79785,23437.47202,24985.24827,22532.43564,23357.9392,24202.43084,20873.16111,21650.21276,23597.29173,
Sweden,SWE,43085.35315,46256.4716,53324.37937,55746.84238,46207.0592,52076.25591,59593.28711,57134.07707,60283.24522,59180.19898,50812.19086,51844.76126,53442.00828,
Eswatini,SWZ,2873.862091,2937.360743,3047.488037,2842.43853,3032.517049,3690.239228,3934.273373,3864.760436,3587.000316,3379.896499,3047.946756,2842.257229,3242.751065,
Sint Maarten (Dutch part),SXM,,,,,,,,,,,,,,
Seychelles,SYC,11092.51074,12014.39987,12154.82994,11122.86207,9706.95606,10804.68447,12189.09516,12006.64168,14765.68233,14700.36313,14745.31375,15077.84844,15629.30594,
Syrian Arab Republic,SYR,1577.457182,1762.246107,2058.035209,,,,,,,,,,,
Turks and Caicos Islands,TCA,,,,,,,,,,,,,,
Chad,TCD,660.2421396,712.1847694,801.683884,929.7702391,804.4559039,896.5697341,989.2363633,973.4702574,986.0103177,1025.998515,781.3310573,698.2108863,662.5001146,
East Asia & Pacific (IDA & IBRD countries),TEA,1656.848533,1980.2379,2485.911169,3124.285159,3364.529079,4051.867383,4917.929165,5446.809268,5968.185535,6370.64783,6579.686088,6648.644294,7201.594243,
Europe & Central Asia (IDA & IBRD countries),TEC,4664.603879,5636.564915,7235.186017,8932.873857,7055.644586,8233.918991,9961.679542,10343.70159,10917.80673,10265.77761,7950.605332,7615.706386,8487.002958,
Togo,TGO,401.2789525,402.4630581,443.3757548,537.2261475,531.6683806,526.8410724,579.0130763,564.6971486,613.4402094,632.0313104,563.4753638,586.0522537,610.1517301,
Thailand,THA,2893.651356,3368.952576,3972.206475,4378.687406,4212.054902,5075.302176,5491.159981,5859.887644,6168.394881,5953.793928,5846.394608,5979.293546,6595.004125,
Tajikistan,TJK,337.360397,404.2894059,520.0371866,706.0875846,666.3458569,738.3475227,834.5412953,954.7205253,1040.137412,1104.459019,918.8119145,795.9607475,801.0508713,
Turkmenistan,TKM,1704.419323,2136.476099,2600.371428,3904.467675,4036.459223,4439.203,5649.978486,6675.262954,7304.420525,7962.365824,6432.68417,6389.354326,6586.625863,
Latin America & the Caribbean (IDA & IBRD countries),TLA,4971.019352,5769.84176,6745.349728,7778.724072,7195.567388,8880.204872,10008.32737,9985.93354,10114.33737,10194.20621,8602.549078,8283.527189,9111.807358,
Timor-Leste,TLS,1767.0027,2534.66219,2705.232903,4073.23928,2929.980284,3603.940551,5021.462224,5766.969812,4770.315933,3335.548567,2501.577386,1987.118804,2279.253204,
Middle East & North Africa (IDA & IBRD countries),TMN,2287.78591,2613.614846,3175.051535,3840.68192,3648.612343,4143.288742,4611.075979,4989.655386,4597.043856,4444.104498,3942.887352,3915.34289,3799.867898,
Tonga,TON,2594.74999,2892.522663,2932.315883,3392.887992,3070.987247,3548.068399,4044.979721,4500.750362,4278.884567,4196.470593,4093.849585,3744.492261,3959.079757,
South Asia (IDA & IBRD),TSA,679.9719439,765.2639126,953.7286051,956.5762926,1036.000875,1252.178771,1373.73465,1370.189137,1387.135899,1499.478807,1545.761363,1643.434838,1842.255349,
Sub-Saharan Africa (IDA & IBRD countries),TSS,992.3680467,1151.17517,1300.137394,1450.256635,1342.210627,1556.757334,1719.49355,1761.928431,1826.157979,1866.056807,1655.382227,1493.57288,1573.607916,
Trinidad and Tobago,TTO,12323.12705,14096.18668,16529.65801,21189.12927,14506.58604,16683.42242,19004.15714,19083.21481,19713.37929,20081.52191,17941.23794,16334.21714,16126.37095,
Tunisia,TUN,3194.562243,3371.71231,3778.184171,4310.093026,4129.977335,4140.15177,4256.91279,4137.54814,4199.084678,4274.292832,3827.729834,3666.357154,3464.41689,
Turkey,TUR,7384.259107,8034.611206,9709.721346,10850.87194,9036.268076,10672.40036,11340.82227,11720.31301,12542.72093,12127.46146,10984.80288,10862.72643,10546.15256,
Tuvalu,TUV,2178.02921,2259.333279,2638.911845,2929.42164,2595.639908,3021.889528,3642.437689,3512.516068,3466.967564,3418.645719,3232.07334,3295.720635,3549.974741,
Tanzania,TZA,442.2528543,471.5273761,528.063562,651.2624387,658.7579527,701.6045501,733.4128065,820.1562898,903.3618621,950.8183028,872.2031652,878.4033712,936.330768,
Uganda,UGA,315.7880227,336.4593923,401.8508631,449.6928183,554.404991,595.2061732,574.9195768,636.6382045,655.0495315,702.795104,675.1211397,581.7027729,606.4684535,
Ukraine,UKR,1828.717626,2303.018831,3068.608998,3891.037823,2545.480341,2965.142365,3569.757027,3855.42128,4029.715504,3104.658296,2124.662666,2185.728031,2639.824326,
Upper middle income,UMC,3094.332634,3653.805347,4513.761006,5474.530949,5238.930044,6297.686024,7470.462587,7953.338288,8403.069118,8624.580717,7968.39681,7870.510072,8610.652409,
Uruguay,URY,5220.951116,5877.876078,7009.69705,9062.312171,9415.170382,11938.212,14166.49909,15092.06819,16881.20568,16737.89827,15524.84247,15298.35089,16245.59837,
United States,USA,44307.92058,46437.06712,48061.53766,48401.42734,47001.55535,48375.40695,49793.71352,51450.95911,52782.08651,54696.72617,56443.81724,57588.53807,59531.66196,
Uzbekistan,UZB,546.7768502,654.2838373,830.4076942,1082.286025,1213.265328,1377.08214,1564.966945,1740.468298,1907.551233,2050.448414,2137.576852,2117.74443,1533.852038,
St. Vincent and the Grenadines,VCT,5064.451065,5609.648939,6276.617048,6370.437886,6177.610514,6231.770232,6183.676822,6338.117781,6597.228304,6654.484003,6901.996541,7029.743842,7145.076837,
"Venezuela, RB",VEN,5432.688675,6735.797588,8318.803399,11227.23138,11536.14939,13545.26345,10741.57638,12755.00008,12237.19374,15692.41288,,,,
British Virgin Islands,VGB,,,,,,,,,,,,,,
Virgin Islands (U.S.),VIR,40929.79512,41560.9342,44333.06566,39207.00375,38771.27439,40043.19017,39144.16577,37849.72872,34819.14775,33573.09703,34899.26655,,,
Vietnam,VNM,683.5968039,779.9748933,901.3248932,1143.268575,1210.69111,1310.370273,1515.479925,1722.683931,1871.325491,2012.04629,2065.169099,2170.648054,2342.244003,
Vanuatu,VUT,1886.433359,2047.097823,2393.367265,2697.961375,2643.441423,2965.802434,3275.091684,3158.58688,3167.343056,3148.365103,2788.770919,2913.967232,3123.614591,
World,WLD,7282.975384,7793.109988,8671.45959,9395.817594,8798.665535,9514.945149,10451.4535,10563.1522,10730.31579,10890.51658,10182.19251,10208.99705,10721.60885,
Samoa,WSM,2571.286691,2807.954274,3022.561555,3509.761499,3035.068269,3453.434298,3942.051645,4234.640751,4219.024862,4187.230599,4150.00378,4031.46704,4280.838915,
Kosovo,XKX,2147.464271,2237.126598,2685.986222,3254.820269,3209.694109,3283.510304,3736.363217,3600.673475,3876.958302,4054.721339,3574.543333,3697.121677,3957.441819,
"Yemen, Rep.",YEM,813.6036612,900.8269161,995.3533206,1203.720733,1093.812918,1309.23196,1349.42025,1421.171575,1580.181601,1647.033657,1693.907815,1320.924127,1106.803906,
South Africa,ZAF,5277.925459,5502.699989,6001.852563,5688.508806,5805.998362,7276.376756,7967.678159,7478.136578,6819.062302,6429.02395,5742.9878,5279.730472,6151.077955,
Zambia,ZMB,691.3178164,1030.154199,1104.587985,1369.068249,1139.110233,1463.213573,1644.619672,1734.930612,1850.793359,1738.088202,1313.889646,1262.989682,1513.276316,
Zimbabwe,ZWE,444.7605075,414.796232,396.9982166,325.6785703,699.8822643,854.8476653,980.2088242,1163.418689,1268.126633,1264.983826,1265.294413,1272.33545,1333.395663,